<?xml version="1.0" encoding="utf-8" ?>
<component name="rcw_CharSelect">
    <!-- I don't think this needs to extend a base page or anything -->
	<interface>
		<field id="eventFired" type="node" onChange="eventHandler"/>
	</interface>

	<!-- general scripts -->
    <script type="text/brightscript"  uri="pkg:/components/scripts/CharSelect.brs"/>
    <script type="text/brightscript"  uri="pkg:/source/utils/Events.brs"/>

    <children>
        <LayoutGroup id="mainLayout" layoutDirection="vert" itemSpacings="[100,100]">
            <Label color="0x669900FF" text="Character Select" horizAlign="center" />
        </LayoutGroup>

 	</children>
</component>


